<?xml version="1.0" encoding="UTF-8"?>
<taskDefinition id="active_directory_computer_add_groups" name="Active Directory Computer Add Groups" version="2" schema_version="1.3">
    <author>support@kineticdata.com</author>
    <description>
        Finds a user in active directory by Distinguished Name and adds the computer as a member to one or
        more groups.
    </description>
    <helpurl>
    </helpurl>
    <visible>false</visible>
    <deferrable>false</deferrable>
    <parameters>
        <parameter id="error_handling" label="Error Handling" required="true"
            tooltip="Determine what to return if an error is encountered."
            menu="Error Message,Raise Error">Error Message</parameter>
        <parameter id="search_by" label="Search By" required="true"
            tooltip="'Distinguished Name', 'Full Name', 'Computer Name', or 'Email Address'">Computer Name</parameter>
        <parameter id="search_value" label="Search Value" required="true"
            tooltip="The value of the Distinguished Name (Computer Name)." />
        <parameter id="groups" label="Groups" required="true"
            tooltip="The common name(s) of the group(s) to add.  More than one group can be specified by separating each group with a comma." />
    </parameters>
    <handler name='active_directory_computer_add_groups' version='2'>
        <infos>
            <!-- credentials to bind to the active directory server -->
            <info name='host'>&lt;%=@info['host']%&gt;</info>
            <info name='port'>&lt;%=@info['port']%&gt;</info>
            <info name='base'>&lt;%=@info['base']%&gt;</info>
            <info name='username'>&lt;%=@info['username']%&gt;</info>
            <info name='password'>&lt;%=@info['password']%&gt;</info>
            <!-- determines logging -->
            <info name="enable_debug_logging">&lt;%= @info['enable_debug_logging'] %&gt;</info>
        </infos>
        <parameters>
            <parameter name="error_handling">&lt;%= @parameters.has_key?("error_handling") ?
                @parameters["error_handling"] : "Raise Error" %&gt;</parameter>
            <parameter name="search_by">&lt;%= @parameters['search_by'] %&gt;</parameter>
            <parameter name="search_value">&lt;%= @parameters['search_value'] %&gt;</parameter>
            <parameter name="groups">&lt;%=@parameters['groups'] %&gt;</parameter>
        </parameters>
    </handler>
    <results format='xml'>
        <result name="Handler Error Message"/>
    </results>
</taskDefinition>